{
  "id": "5884737c-d56e-47ab-88dd-1fe38876ae4b",
  "name": "Email",
  "isOverridable": true,
  "entries": [
    {
      "value": "email",
      "synonyms": [
        "email"
      ]
    },
    {
      "value": "John\u0027s",
      "synonyms": [
        "John\u0027s"
      ]
    },
    {
      "value": "aaa@gmail.com",
      "synonyms": [
        "aaa@gmail.com"
      ]
    },
    {
      "value": "give",
      "synonyms": [
        "give"
      ]
    }
  ],
  "isEnum": false,
  "automatedExpansion": false
}