{
  "id": "eba05356-ae9c-418b-b93b-4311ec747c14",
  "name": "Name",
  "isOverridable": true,
  "entries": [
    {
      "value": "name",
      "synonyms": [
        "name"
      ]
    },
    {
      "value": "john",
      "synonyms": [
        "john"
      ]
    },
    {
      "value": "vu",
      "synonyms": [
        "vu"
      ]
    },
    {
      "value": "sujita",
      "synonyms": [
        "sujita"
      ]
    },
    {
      "value": "sui",
      "synonyms": [
        "sui"
      ]
    }
  ],
  "isEnum": false,
  "automatedExpansion": false
}