{
  "id": "0859c537-de64-4c1d-9271-f17a6dd914b2",
  "name": "PhoneNumber",
  "isOverridable": true,
  "entries": [
    {
      "value": "phoneNumber",
      "synonyms": [
        "phoneNumber"
      ]
    },
    {
      "value": "2134191522",
      "synonyms": [
        "2134191522"
      ]
    },
    {
      "value": "number",
      "synonyms": [
        "number"
      ]
    },
    {
      "value": "phone",
      "synonyms": [
        "phone"
      ]
    },
    {
      "value": "details",
      "synonyms": [
        "details"
      ]
    }
  ],
  "isEnum": false,
  "automatedExpansion": false
}